[{"model": "contenttypes.contenttype", "pk": 1, "fields": {"app_label": "admin", "model": "logentry"}}, {"model": "contenttypes.contenttype", "pk": 2, "fields": {"app_label": "auth", "model": "permission"}}, {"model": "contenttypes.contenttype", "pk": 3, "fields": {"app_label": "auth", "model": "group"}}, {"model": "contenttypes.contenttype", "pk": 4, "fields": {"app_label": "auth", "model": "user"}}, {"model": "contenttypes.contenttype", "pk": 5, "fields": {"app_label": "contenttypes", "model": "contenttype"}}, {"model": "contenttypes.contenttype", "pk": 6, "fields": {"app_label": "sessions", "model": "session"}}, {"model": "contenttypes.contenttype", "pk": 7, "fields": {"app_label": "adtool", "model": "advertisement"}}, {"model": "contenttypes.contenttype", "pk": 8, "fields": {"app_label": "users", "model": "profile"}}, {"model": "contenttypes.contenttype", "pk": 9, "fields": {"app_label": "adtool", "model": "advertisementclient"}}, {"model": "contenttypes.contenttype", "pk": 10, "fields": {"app_label": "adtool", "model": "advertisementlog"}}, {"model": "contenttypes.contenttype", "pk": 11, "fields": {"app_label": "addisplay", "model": "advertisementclient"}}, {"model": "contenttypes.contenttype", "pk": 12, "fields": {"app_label": "addisplay", "model": "website"}}, {"model": "sessions.session", "pk": "0h5s4op5z08fwhw5yz47i8px753t6gul", "fields": {"session_data": "ZjNhNTk1NjhmYmFlYmFmYjZmMzczZDg2NDg4NDc2MmJlMDA5NDk0Mzp7Il9hdXRoX3VzZXJfaWQiOiIxIiwiX2F1dGhfdXNlcl9iYWNrZW5kIjoiZGphbmdvLmNvbnRyaWIuYXV0aC5iYWNrZW5kcy5Nb2RlbEJhY2tlbmQiLCJfYXV0aF91c2VyX2hhc2giOiJjZGJiZGYwYWE3MDEwNGJiOTk5ZTM0OGRjODJjZjM0ZDczZjA4NGFjIn0=", "expire_date": "2020-04-12T07:55:11.968Z"}}, {"model": "sessions.session", "pk": "10v7ltlhfxnh5azvpwtd0cdqc05ke6b8", "fields": {"session_data": "MGI1ODJiNGI2YjE5MWFlN2Y4ZDViZTVhMTY3MTI2ZTA5M2RmNWEwODp7Il9hdXRoX3VzZXJfaWQiOiIxIiwiX2F1dGhfdXNlcl9iYWNrZW5kIjoiZGphbmdvLmNvbnRyaWIuYXV0aC5iYWNrZW5kcy5Nb2RlbEJhY2tlbmQiLCJfYXV0aF91c2VyX2hhc2giOiI3Y2JlZDFiYjQ4NmRjMDU4NDRmZjQwMGE3MGU1YTBjZGZjYjc0ZGQyIn0=", "expire_date": "2020-05-14T13:18:53.239Z"}}, {"model": "sessions.session", "pk": "1wv44nc19n3gi197nctnhlmadpldqavx", "fields": {"session_data": "MGI1ODJiNGI2YjE5MWFlN2Y4ZDViZTVhMTY3MTI2ZTA5M2RmNWEwODp7Il9hdXRoX3VzZXJfaWQiOiIxIiwiX2F1dGhfdXNlcl9iYWNrZW5kIjoiZGphbmdvLmNvbnRyaWIuYXV0aC5iYWNrZW5kcy5Nb2RlbEJhY2tlbmQiLCJfYXV0aF91c2VyX2hhc2giOiI3Y2JlZDFiYjQ4NmRjMDU4NDRmZjQwMGE3MGU1YTBjZGZjYjc0ZGQyIn0=", "expire_date": "2020-04-19T16:27:56.712Z"}}, {"model": "sessions.session", "pk": "6s7ab4hpl074dbdwsr689z5cou1cyq23", "fields": {"session_data": "MGI1ODJiNGI2YjE5MWFlN2Y4ZDViZTVhMTY3MTI2ZTA5M2RmNWEwODp7Il9hdXRoX3VzZXJfaWQiOiIxIiwiX2F1dGhfdXNlcl9iYWNrZW5kIjoiZGphbmdvLmNvbnRyaWIuYXV0aC5iYWNrZW5kcy5Nb2RlbEJhY2tlbmQiLCJfYXV0aF91c2VyX2hhc2giOiI3Y2JlZDFiYjQ4NmRjMDU4NDRmZjQwMGE3MGU1YTBjZGZjYjc0ZGQyIn0=", "expire_date": "2020-05-28T19:57:56.791Z"}}, {"model": "sessions.session", "pk": "9az41yhlv3lgr2eftsgf0suoxwq2yx2d", "fields": {"session_data": "MGI1ODJiNGI2YjE5MWFlN2Y4ZDViZTVhMTY3MTI2ZTA5M2RmNWEwODp7Il9hdXRoX3VzZXJfaWQiOiIxIiwiX2F1dGhfdXNlcl9iYWNrZW5kIjoiZGphbmdvLmNvbnRyaWIuYXV0aC5iYWNrZW5kcy5Nb2RlbEJhY2tlbmQiLCJfYXV0aF91c2VyX2hhc2giOiI3Y2JlZDFiYjQ4NmRjMDU4NDRmZjQwMGE3MGU1YTBjZGZjYjc0ZGQyIn0=", "expire_date": "2020-05-14T18:33:48.947Z"}}, {"model": "sessions.session", "pk": "h67lm4fueq8i53fwbw0zlaoxafnptuz1", "fields": {"session_data": "MGI1ODJiNGI2YjE5MWFlN2Y4ZDViZTVhMTY3MTI2ZTA5M2RmNWEwODp7Il9hdXRoX3VzZXJfaWQiOiIxIiwiX2F1dGhfdXNlcl9iYWNrZW5kIjoiZGphbmdvLmNvbnRyaWIuYXV0aC5iYWNrZW5kcy5Nb2RlbEJhY2tlbmQiLCJfYXV0aF91c2VyX2hhc2giOiI3Y2JlZDFiYjQ4NmRjMDU4NDRmZjQwMGE3MGU1YTBjZGZjYjc0ZGQyIn0=", "expire_date": "2020-05-26T11:35:48.421Z"}}, {"model": "sessions.session", "pk": "hzu11ouw4sh9oo8o9e3b5genud4zqawt", "fields": {"session_data": "MWE5Mzk1NGZmZDMyOTZkOGZmNjEyMTk1ODAzYThhOWQ5ODVmOTBiYjp7Il9hdXRoX3VzZXJfaWQiOiIyIiwiX2F1dGhfdXNlcl9iYWNrZW5kIjoiZGphbmdvLmNvbnRyaWIuYXV0aC5iYWNrZW5kcy5Nb2RlbEJhY2tlbmQiLCJfYXV0aF91c2VyX2hhc2giOiJjMDJkZmY2YWViM2E5YTM1MDIwZGNkZjQyNmQ1YzNjMmU4MGNiYmQzIn0=", "expire_date": "2020-04-17T09:19:58.455Z"}}, {"model": "sessions.session", "pk": "ny3b0501v1tuys0ib3ppz87tu55b2q00", "fields": {"session_data": "MGI1ODJiNGI2YjE5MWFlN2Y4ZDViZTVhMTY3MTI2ZTA5M2RmNWEwODp7Il9hdXRoX3VzZXJfaWQiOiIxIiwiX2F1dGhfdXNlcl9iYWNrZW5kIjoiZGphbmdvLmNvbnRyaWIuYXV0aC5iYWNrZW5kcy5Nb2RlbEJhY2tlbmQiLCJfYXV0aF91c2VyX2hhc2giOiI3Y2JlZDFiYjQ4NmRjMDU4NDRmZjQwMGE3MGU1YTBjZGZjYjc0ZGQyIn0=", "expire_date": "2020-05-02T16:13:18.178Z"}}, {"model": "sessions.session", "pk": "odarjjlil6ze4yfnfh8tuv2tgqd8g2ii", "fields": {"session_data": "MGI1ODJiNGI2YjE5MWFlN2Y4ZDViZTVhMTY3MTI2ZTA5M2RmNWEwODp7Il9hdXRoX3VzZXJfaWQiOiIxIiwiX2F1dGhfdXNlcl9iYWNrZW5kIjoiZGphbmdvLmNvbnRyaWIuYXV0aC5iYWNrZW5kcy5Nb2RlbEJhY2tlbmQiLCJfYXV0aF91c2VyX2hhc2giOiI3Y2JlZDFiYjQ4NmRjMDU4NDRmZjQwMGE3MGU1YTBjZGZjYjc0ZGQyIn0=", "expire_date": "2020-05-11T16:47:11.681Z"}}, {"model": "sessions.session", "pk": "p0447tf7joemfxv8h82hhk112l6wybeh", "fields": {"session_data": "MGI1ODJiNGI2YjE5MWFlN2Y4ZDViZTVhMTY3MTI2ZTA5M2RmNWEwODp7Il9hdXRoX3VzZXJfaWQiOiIxIiwiX2F1dGhfdXNlcl9iYWNrZW5kIjoiZGphbmdvLmNvbnRyaWIuYXV0aC5iYWNrZW5kcy5Nb2RlbEJhY2tlbmQiLCJfYXV0aF91c2VyX2hhc2giOiI3Y2JlZDFiYjQ4NmRjMDU4NDRmZjQwMGE3MGU1YTBjZGZjYjc0ZGQyIn0=", "expire_date": "2020-05-16T16:03:15.787Z"}}, {"model": "sessions.session", "pk": "rv9ezd4qo40fu3zp9y9h299ubddzwrob", "fields": {"session_data": "MGI1ODJiNGI2YjE5MWFlN2Y4ZDViZTVhMTY3MTI2ZTA5M2RmNWEwODp7Il9hdXRoX3VzZXJfaWQiOiIxIiwiX2F1dGhfdXNlcl9iYWNrZW5kIjoiZGphbmdvLmNvbnRyaWIuYXV0aC5iYWNrZW5kcy5Nb2RlbEJhY2tlbmQiLCJfYXV0aF91c2VyX2hhc2giOiI3Y2JlZDFiYjQ4NmRjMDU4NDRmZjQwMGE3MGU1YTBjZGZjYjc0ZGQyIn0=", "expire_date": "2020-04-19T17:36:10.415Z"}}, {"model": "sessions.session", "pk": "t35mz6544ghet4xw8a26leo6tx25ziea", "fields": {"session_data": "MGI1ODJiNGI2YjE5MWFlN2Y4ZDViZTVhMTY3MTI2ZTA5M2RmNWEwODp7Il9hdXRoX3VzZXJfaWQiOiIxIiwiX2F1dGhfdXNlcl9iYWNrZW5kIjoiZGphbmdvLmNvbnRyaWIuYXV0aC5iYWNrZW5kcy5Nb2RlbEJhY2tlbmQiLCJfYXV0aF91c2VyX2hhc2giOiI3Y2JlZDFiYjQ4NmRjMDU4NDRmZjQwMGE3MGU1YTBjZGZjYjc0ZGQyIn0=", "expire_date": "2020-05-14T14:25:03.138Z"}}, {"model": "sessions.session", "pk": "zx47s4b3x728zzc2uwfmdqicbachm0j7", "fields": {"session_data": "MGI1ODJiNGI2YjE5MWFlN2Y4ZDViZTVhMTY3MTI2ZTA5M2RmNWEwODp7Il9hdXRoX3VzZXJfaWQiOiIxIiwiX2F1dGhfdXNlcl9iYWNrZW5kIjoiZGphbmdvLmNvbnRyaWIuYXV0aC5iYWNrZW5kcy5Nb2RlbEJhY2tlbmQiLCJfYXV0aF91c2VyX2hhc2giOiI3Y2JlZDFiYjQ4NmRjMDU4NDRmZjQwMGE3MGU1YTBjZGZjYjc0ZGQyIn0=", "expire_date": "2020-04-21T15:44:02.336Z"}}, {"model": "adtool.advertisementlog", "pk": 1, "fields": {"ad": 2, "site": 14, "click_date": "2020-04-16T14:08:02.165Z"}}, {"model": "adtool.advertisementlog", "pk": 2, "fields": {"ad": 4, "site": 14, "click_date": "2020-04-16T14:47:54.036Z"}}, {"model": "adtool.advertisementlog", "pk": 3, "fields": {"ad": 2, "site": 14, "click_date": "2020-04-16T14:48:40.989Z"}}, {"model": "adtool.advertisementlog", "pk": 4, "fields": {"ad": 2, "site": 14, "click_date": "2020-04-16T14:48:47.802Z"}}, {"model": "adtool.advertisementlog", "pk": 5, "fields": {"ad": 2, "site": 14, "click_date": "2020-04-16T16:24:32Z"}}, {"model": "adtool.advertisementlog", "pk": 6, "fields": {"ad": 3, "site": 14, "click_date": "2020-04-18T16:18:54.709Z"}}, {"model": "adtool.advertisementlog", "pk": 7, "fields": {"ad": 3, "site": 14, "click_date": "2020-04-18T16:18:55.439Z"}}, {"model": "adtool.advertisementlog", "pk": 8, "fields": {"ad": 5, "site": 14, "click_date": "2020-04-27T16:46:07.299Z"}}, {"model": "adtool.advertisementlog", "pk": 12, "fields": {"ad": 5, "site": 14, "click_date": "2020-04-27T17:24:33.066Z"}}, {"model": "adtool.advertisementlog", "pk": 13, "fields": {"ad": 5, "site": 14, "click_date": "2020-04-27T18:25:08Z"}}, {"model": "adtool.advertisementlog", "pk": 14, "fields": {"ad": 4, "site": 14, "click_date": "2020-04-27T19:36:04.303Z"}}, {"model": "adtool.advertisementlog", "pk": 15, "fields": {"ad": 4, "site": 14, "click_date": "2020-04-27T19:36:06.198Z"}}, {"model": "adtool.advertisementlog", "pk": 16, "fields": {"ad": 4, "site": 14, "click_date": "2020-04-27T19:36:07.199Z"}}, {"model": "adtool.advertisementlog", "pk": 17, "fields": {"ad": 1, "site": 14, "click_date": "2020-04-27T19:37:33.370Z"}}, {"model": "adtool.advertisementlog", "pk": 18, "fields": {"ad": 1, "site": 14, "click_date": "2020-04-27T19:37:46.713Z"}}, {"model": "adtool.advertisementlog", "pk": 19, "fields": {"ad": 1, "site": 14, "click_date": "2020-04-27T19:37:46.885Z"}}, {"model": "adtool.advertisementlog", "pk": 20, "fields": {"ad": 5, "site": 14, "click_date": "2020-04-30T18:51:29.921Z"}}, {"model": "adtool.advertisementlog", "pk": 21, "fields": {"ad": 5, "site": 14, "click_date": "2020-04-30T18:51:30.858Z"}}, {"model": "adtool.advertisementlog", "pk": 22, "fields": {"ad": 5, "site": 14, "click_date": "2020-04-30T18:53:05.304Z"}}, {"model": "adtool.advertisementlog", "pk": 23, "fields": {"ad": 13, "site": 14, "click_date": "2020-05-13T15:19:15.632Z"}}, {"model": "adtool.advertisementlog", "pk": 24, "fields": {"ad": 13, "site": 14, "click_date": "2020-05-13T15:55:31.194Z"}}, {"model": "adtool.advertisementlog", "pk": 25, "fields": {"ad": 5, "site": 14, "click_date": "2020-05-14T20:15:39.990Z"}}, {"model": "auth.permission", "pk": 1, "fields": {"name": "Can add log entry", "content_type": 1, "codename": "add_logentry"}}, {"model": "auth.permission", "pk": 2, "fields": {"name": "Can change log entry", "content_type": 1, "codename": "change_logentry"}}, {"model": "auth.permission", "pk": 3, "fields": {"name": "Can delete log entry", "content_type": 1, "codename": "delete_logentry"}}, {"model": "auth.permission", "pk": 4, "fields": {"name": "Can view log entry", "content_type": 1, "codename": "view_logentry"}}, {"model": "auth.permission", "pk": 5, "fields": {"name": "Can add permission", "content_type": 2, "codename": "add_permission"}}, {"model": "auth.permission", "pk": 6, "fields": {"name": "Can change permission", "content_type": 2, "codename": "change_permission"}}, {"model": "auth.permission", "pk": 7, "fields": {"name": "Can delete permission", "content_type": 2, "codename": "delete_permission"}}, {"model": "auth.permission", "pk": 8, "fields": {"name": "Can view permission", "content_type": 2, "codename": "view_permission"}}, {"model": "auth.permission", "pk": 9, "fields": {"name": "Can add group", "content_type": 3, "codename": "add_group"}}, {"model": "auth.permission", "pk": 10, "fields": {"name": "Can change group", "content_type": 3, "codename": "change_group"}}, {"model": "auth.permission", "pk": 11, "fields": {"name": "Can delete group", "content_type": 3, "codename": "delete_group"}}, {"model": "auth.permission", "pk": 12, "fields": {"name": "Can view group", "content_type": 3, "codename": "view_group"}}, {"model": "auth.permission", "pk": 13, "fields": {"name": "Can add user", "content_type": 4, "codename": "add_user"}}, {"model": "auth.permission", "pk": 14, "fields": {"name": "Can change user", "content_type": 4, "codename": "change_user"}}, {"model": "auth.permission", "pk": 15, "fields": {"name": "Can delete user", "content_type": 4, "codename": "delete_user"}}, {"model": "auth.permission", "pk": 16, "fields": {"name": "Can view user", "content_type": 4, "codename": "view_user"}}, {"model": "auth.permission", "pk": 17, "fields": {"name": "Can add content type", "content_type": 5, "codename": "add_contenttype"}}, {"model": "auth.permission", "pk": 18, "fields": {"name": "Can change content type", "content_type": 5, "codename": "change_contenttype"}}, {"model": "auth.permission", "pk": 19, "fields": {"name": "Can delete content type", "content_type": 5, "codename": "delete_contenttype"}}, {"model": "auth.permission", "pk": 20, "fields": {"name": "Can view content type", "content_type": 5, "codename": "view_contenttype"}}, {"model": "auth.permission", "pk": 21, "fields": {"name": "Can add session", "content_type": 6, "codename": "add_session"}}, {"model": "auth.permission", "pk": 22, "fields": {"name": "Can change session", "content_type": 6, "codename": "change_session"}}, {"model": "auth.permission", "pk": 23, "fields": {"name": "Can delete session", "content_type": 6, "codename": "delete_session"}}, {"model": "auth.permission", "pk": 24, "fields": {"name": "Can view session", "content_type": 6, "codename": "view_session"}}, {"model": "auth.permission", "pk": 25, "fields": {"name": "Can add advertisement", "content_type": 7, "codename": "add_advertisement"}}, {"model": "auth.permission", "pk": 26, "fields": {"name": "Can change advertisement", "content_type": 7, "codename": "change_advertisement"}}, {"model": "auth.permission", "pk": 27, "fields": {"name": "Can delete advertisement", "content_type": 7, "codename": "delete_advertisement"}}, {"model": "auth.permission", "pk": 28, "fields": {"name": "Can view advertisement", "content_type": 7, "codename": "view_advertisement"}}, {"model": "auth.permission", "pk": 29, "fields": {"name": "Can add profile", "content_type": 8, "codename": "add_profile"}}, {"model": "auth.permission", "pk": 30, "fields": {"name": "Can change profile", "content_type": 8, "codename": "change_profile"}}, {"model": "auth.permission", "pk": 31, "fields": {"name": "Can delete profile", "content_type": 8, "codename": "delete_profile"}}, {"model": "auth.permission", "pk": 32, "fields": {"name": "Can view profile", "content_type": 8, "codename": "view_profile"}}, {"model": "auth.permission", "pk": 33, "fields": {"name": "Can add advertisement client", "content_type": 9, "codename": "add_advertisementclient"}}, {"model": "auth.permission", "pk": 34, "fields": {"name": "Can change advertisement client", "content_type": 9, "codename": "change_advertisementclient"}}, {"model": "auth.permission", "pk": 35, "fields": {"name": "Can delete advertisement client", "content_type": 9, "codename": "delete_advertisementclient"}}, {"model": "auth.permission", "pk": 36, "fields": {"name": "Can view advertisement client", "content_type": 9, "codename": "view_advertisementclient"}}, {"model": "auth.permission", "pk": 37, "fields": {"name": "Can add advertisement log", "content_type": 10, "codename": "add_advertisementlog"}}, {"model": "auth.permission", "pk": 38, "fields": {"name": "Can change advertisement log", "content_type": 10, "codename": "change_advertisementlog"}}, {"model": "auth.permission", "pk": 39, "fields": {"name": "Can delete advertisement log", "content_type": 10, "codename": "delete_advertisementlog"}}, {"model": "auth.permission", "pk": 40, "fields": {"name": "Can view advertisement log", "content_type": 10, "codename": "view_advertisementlog"}}, {"model": "auth.permission", "pk": 41, "fields": {"name": "Can add advertisement client", "content_type": 11, "codename": "add_advertisementclient"}}, {"model": "auth.permission", "pk": 42, "fields": {"name": "Can change advertisement client", "content_type": 11, "codename": "change_advertisementclient"}}, {"model": "auth.permission", "pk": 43, "fields": {"name": "Can delete advertisement client", "content_type": 11, "codename": "delete_advertisementclient"}}, {"model": "auth.permission", "pk": 44, "fields": {"name": "Can view advertisement client", "content_type": 11, "codename": "view_advertisementclient"}}, {"model": "auth.permission", "pk": 45, "fields": {"name": "Can add website", "content_type": 12, "codename": "add_website"}}, {"model": "auth.permission", "pk": 46, "fields": {"name": "Can change website", "content_type": 12, "codename": "change_website"}}, {"model": "auth.permission", "pk": 47, "fields": {"name": "Can delete website", "content_type": 12, "codename": "delete_website"}}, {"model": "auth.permission", "pk": 48, "fields": {"name": "Can view website", "content_type": 12, "codename": "view_website"}}, {"model": "auth.user", "pk": 1, "fields": {"password": "pbkdf2_sha256$180000$tJjrlYyprwqX$YO4zWWXc0A1asuzKLjXXdkiwcW3AsCSwRQtvVytd3MQ=", "last_login": "2020-05-14T19:57:56.600Z", "is_superuser": true, "username": "Shoumik", "first_name": "", "last_name": "", "email": "shoumikgandre@gmail.com", "is_staff": true, "is_active": true, "date_joined": "2020-03-25T11:33:47.306Z", "groups": [], "user_permissions": []}}, {"model": "auth.user", "pk": 2, "fields": {"password": "pbkdf2_sha256$180000$AfFRm4gi9XGp$sNmqOWk4SZgpr45Fpu3qEWqa6IJe55SCBfVzjBusyQk=", "last_login": "2020-05-14T12:46:40.366Z", "is_superuser": false, "username": "test", "first_name": "", "last_name": "", "email": "1@2.com", "is_staff": false, "is_active": true, "date_joined": "2020-03-25T12:21:33.018Z", "groups": [], "user_permissions": []}}, {"model": "auth.user", "pk": 3, "fields": {"password": "pbkdf2_sha256$180000$4zSiq796tAcq$O+NCmT9WPCKZtuYOSyNOBkv+1mhS5GLsB8NVg7UilCI=", "last_login": "2020-04-06T10:52:26.434Z", "is_superuser": true, "username": "rushankshah65", "first_name": "", "last_name": "", "email": "rushankshah65@gmail.com", "is_staff": true, "is_active": true, "date_joined": "2020-04-04T17:39:25.301Z", "groups": [], "user_permissions": []}}, {"model": "auth.user", "pk": 14, "fields": {"password": "pbkdf2_sha256$180000$s9Yr7IKovU3n$U2yY95Tq/5AQObF143zrHZAnZ1e0yXXBjIXULo3LbOo=", "last_login": null, "is_superuser": false, "username": "u1", "first_name": "", "last_name": "", "email": "", "is_staff": false, "is_active": true, "date_joined": "2020-05-11T16:33:52.587Z", "groups": [], "user_permissions": []}}, {"model": "adtool.advertisement", "pk": 1, "fields": {"name": "catadd", "image": "images/Scottish-Fold-Adds-none.jpg", "url_link": "https://www.youtube.com/watch?v=5dsGWM5XGdg", "clicks": 3, "category": "sleeping", "size": "free size", "user": 1, "publish_date": "2020-04-16T14:04:38.155Z"}}, {"model": "adtool.advertisement", "pk": 2, "fields": {"name": "scenary", "image": "images/bright-spring-view-cameo-island.webp", "url_link": "https://www.geeksforgeeks.org/", "clicks": 4, "category": "sleeping", "size": "free size", "user": 1, "publish_date": "2020-04-16T14:04:38.155Z"}}, {"model": "adtool.advertisement", "pk": 3, "fields": {"name": "cat mush", "image": "images/cat-icon-mush.png", "url_link": "https://www.youtube.com/watch?v=5dsGWM5XGdg", "clicks": 4, "category": "sleeping", "size": "free size", "user": 1, "publish_date": "2020-04-16T14:04:38.155Z"}}, {"model": "adtool.advertisement", "pk": 4, "fields": {"name": "Shoumik Gandre", "image": "images/WIN_20200203_11_31_02_Pro.jpg", "url_link": "https://mighty-lake-59360.herokuapp.com/", "clicks": 5, "category": "sleeping", "size": "free size", "user": 1, "publish_date": "2020-04-16T14:04:38.155Z"}}, {"model": "adtool.advertisement", "pk": 5, "fields": {"name": "testing Ad-Profile", "image": "images/swole-doge_o0tfaX3.jpg", "url_link": "https://www.youtube.com/", "clicks": 7, "category": "sleeping", "size": "free size", "user": 1, "publish_date": "2020-04-16T14:04:38Z"}}, {"model": "adtool.advertisement", "pk": 6, "fields": {"name": "blackhole", "image": "images/d41586-019-03839-z_17499176.jpg", "url_link": "https://www.google.com/", "clicks": 1, "category": "popup", "size": "free size", "user": 2, "publish_date": "2020-04-16T14:04:38.155Z"}}, {"model": "adtool.advertisement", "pk": 11, "fields": {"name": "Avengers - 1", "image": "images/AvengersEndgameFinalPoster-Top-1024x576.jpg", "url_link": "https://www.google.com/", "clicks": 0, "category": "popup", "size": "free size", "user": 3, "publish_date": "2020-04-16T14:04:38.155Z"}}, {"model": "adtool.advertisement", "pk": 12, "fields": {"name": "leaves", "image": "images/leaves.png", "url_link": "https://www.nature.com/", "clicks": 0, "category": "nature", "size": "leaderboard", "user": 1, "publish_date": "2020-04-30T15:55:21.238Z"}}, {"model": "adtool.advertisement", "pk": 13, "fields": {"name": "stones", "image": "images/stones.png", "url_link": "https://www.nature.com/", "clicks": 2, "category": "nature", "size": "leaderboard", "user": 1, "publish_date": "2020-04-30T15:56:19.114Z"}}, {"model": "adtool.advertisement", "pk": 14, "fields": {"name": "dirt", "image": "images/dirt.png", "url_link": "https://www.nature.com/", "clicks": 0, "category": "nature", "size": "leaderboard", "user": 1, "publish_date": "2020-04-30T15:57:46.364Z"}}, {"model": "adtool.advertisement", "pk": 15, "fields": {"name": "wood large rectangle", "image": "images/wood_large_rectangle.png", "url_link": "https://mighty-lake-59360.herokuapp.com/", "clicks": 0, "category": "wood", "size": "large rectangle", "user": 1, "publish_date": "2020-04-30T16:08:39.370Z"}}, {"model": "adtool.advertisement", "pk": 16, "fields": {"name": "wood medium rectangle", "image": "images/wood_medium_rectangle.png", "url_link": "https://mighty-lake-59360.herokuapp.com/", "clicks": 0, "category": "wood", "size": "medium rectangle", "user": 1, "publish_date": "2020-04-30T16:09:23.953Z"}}, {"model": "users.profile", "pk": 1, "fields": {"user": 1, "image": "profile_pics/WIN_20200203_11_31_02_Pro.jpg", "company": "YOLO", "location": "Mumbai", "is_adclient": true}}, {"model": "users.profile", "pk": 3, "fields": {"user": 3, "image": "profile_pics/IMG_20190315_185531_309.jpg", "company": "YOLO", "location": "Mumbai", "is_adclient": false}}, {"model": "users.profile", "pk": 4, "fields": {"user": 2, "image": "profile_pics/Half_Page_300x600px.png", "company": "testcompany", "location": "testcity", "is_adclient": false}}, {"model": "users.profile", "pk": 5, "fields": {"user": 14, "image": "default.png", "company": "", "location": "", "is_adclient": false}}, {"model": "addisplay.website", "pk": 14, "fields": {"user": 1, "url": "https://mighty-lake-59360.herokuapp.com/", "userkey": "P53ZD2pSaQdg43oWK1Fuop2VIysPO9p0"}}, {"model": "addisplay.website", "pk": 16, "fields": {"user": 2, "url": "https://google.com", "userkey": "wSxiFxbYL14ns29EjJWsB4bFyKMiAfvV"}}, {"model": "admin.logentry", "pk": 1, "fields": {"action_time": "2020-03-25T17:22:08.884Z", "user": 1, "content_type": 8, "object_id": "1", "object_repr": "Shoumik Profile", "action_flag": 1, "change_message": "[{\"added\": {}}]"}}, {"model": "admin.logentry", "pk": 2, "fields": {"action_time": "2020-03-25T17:41:16.454Z", "user": 1, "content_type": 8, "object_id": "1", "object_repr": "Shoumik Profile", "action_flag": 2, "change_message": "[{\"changed\": {\"fields\": [\"Company\", \"Location\"]}}]"}}, {"model": "admin.logentry", "pk": 3, "fields": {"action_time": "2020-03-30T12:30:43.924Z", "user": 1, "content_type": 7, "object_id": "6", "object_repr": "blackhole", "action_flag": 2, "change_message": "[{\"changed\": {\"fields\": [\"Url link\"]}}]"}}, {"model": "admin.logentry", "pk": 4, "fields": {"action_time": "2020-03-30T12:31:00.355Z", "user": 1, "content_type": 7, "object_id": "5", "object_repr": "testing Ad-Profile", "action_flag": 2, "change_message": "[{\"changed\": {\"fields\": [\"Url link\"]}}]"}}, {"model": "admin.logentry", "pk": 5, "fields": {"action_time": "2020-03-30T12:33:53.952Z", "user": 1, "content_type": 7, "object_id": "4", "object_repr": "Shoumik Gandre", "action_flag": 2, "change_message": "[{\"changed\": {\"fields\": [\"Url link\", \"Genre\"]}}]"}}, {"model": "admin.logentry", "pk": 6, "fields": {"action_time": "2020-03-30T12:34:28.688Z", "user": 1, "content_type": 7, "object_id": "3", "object_repr": "cat mush", "action_flag": 2, "change_message": "[{\"changed\": {\"fields\": [\"Url link\", \"Genre\"]}}]"}}, {"model": "admin.logentry", "pk": 7, "fields": {"action_time": "2020-03-30T12:34:41.063Z", "user": 1, "content_type": 7, "object_id": "1", "object_repr": "catadd", "action_flag": 2, "change_message": "[{\"changed\": {\"fields\": [\"Url link\", \"Genre\"]}}]"}}, {"model": "admin.logentry", "pk": 8, "fields": {"action_time": "2020-03-30T12:35:14.353Z", "user": 1, "content_type": 7, "object_id": "2", "object_repr": "scenary", "action_flag": 2, "change_message": "[{\"changed\": {\"fields\": [\"Url link\", \"Genre\"]}}]"}}, {"model": "admin.logentry", "pk": 9, "fields": {"action_time": "2020-04-05T16:35:12.844Z", "user": 1, "content_type": 4, "object_id": "4", "object_repr": "test69", "action_flag": 3, "change_message": ""}}, {"model": "admin.logentry", "pk": 10, "fields": {"action_time": "2020-04-05T16:38:22.864Z", "user": 1, "content_type": 4, "object_id": "5", "object_repr": "test69", "action_flag": 3, "change_message": ""}}, {"model": "admin.logentry", "pk": 11, "fields": {"action_time": "2020-04-05T17:00:53.578Z", "user": 1, "content_type": 4, "object_id": "6", "object_repr": "test69", "action_flag": 3, "change_message": ""}}, {"model": "admin.logentry", "pk": 12, "fields": {"action_time": "2020-04-05T17:05:58.036Z", "user": 1, "content_type": 4, "object_id": "7", "object_repr": "tester", "action_flag": 3, "change_message": ""}}, {"model": "admin.logentry", "pk": 13, "fields": {"action_time": "2020-04-05T17:10:50.342Z", "user": 1, "content_type": 4, "object_id": "9", "object_repr": "test69", "action_flag": 3, "change_message": ""}}, {"model": "admin.logentry", "pk": 14, "fields": {"action_time": "2020-04-05T17:10:50.511Z", "user": 1, "content_type": 4, "object_id": "8", "object_repr": "tester", "action_flag": 3, "change_message": ""}}, {"model": "admin.logentry", "pk": 15, "fields": {"action_time": "2020-04-05T17:26:24.001Z", "user": 1, "content_type": 4, "object_id": "10", "object_repr": "test69", "action_flag": 3, "change_message": ""}}, {"model": "admin.logentry", "pk": 16, "fields": {"action_time": "2020-04-05T17:31:59.674Z", "user": 1, "content_type": 4, "object_id": "11", "object_repr": "test69", "action_flag": 3, "change_message": ""}}, {"model": "admin.logentry", "pk": 17, "fields": {"action_time": "2020-04-05T17:36:25.487Z", "user": 1, "content_type": 4, "object_id": "13", "object_repr": "test69", "action_flag": 3, "change_message": ""}}, {"model": "admin.logentry", "pk": 18, "fields": {"action_time": "2020-04-05T17:36:25.649Z", "user": 1, "content_type": 4, "object_id": "12", "object_repr": "tester", "action_flag": 3, "change_message": ""}}, {"model": "admin.logentry", "pk": 19, "fields": {"action_time": "2020-04-05T17:36:59.113Z", "user": 1, "content_type": 8, "object_id": "3", "object_repr": "rushankshah65 Profile", "action_flag": 1, "change_message": "[{\"added\": {}}]"}}, {"model": "admin.logentry", "pk": 20, "fields": {"action_time": "2020-04-05T17:37:10.518Z", "user": 1, "content_type": 8, "object_id": "1", "object_repr": "Shoumik Profile", "action_flag": 2, "change_message": "[{\"changed\": {\"fields\": [\"Company\", \"Location\"]}}]"}}, {"model": "admin.logentry", "pk": 21, "fields": {"action_time": "2020-04-05T17:37:40.692Z", "user": 1, "content_type": 8, "object_id": "4", "object_repr": "test Profile", "action_flag": 1, "change_message": "[{\"added\": {}}]"}}, {"model": "admin.logentry", "pk": 22, "fields": {"action_time": "2020-04-16T16:24:38.670Z", "user": 1, "content_type": 10, "object_id": "5", "object_repr": "AdvertisementLog object (5)", "action_flag": 1, "change_message": "[{\"added\": {}}]"}}, {"model": "admin.logentry", "pk": 23, "fields": {"action_time": "2020-04-27T17:17:12.437Z", "user": 1, "content_type": 7, "object_id": "12", "object_repr": "a1", "action_flag": 1, "change_message": "[{\"added\": {}}]"}}, {"model": "admin.logentry", "pk": 24, "fields": {"action_time": "2020-04-27T17:17:33.860Z", "user": 1, "content_type": 7, "object_id": "12", "object_repr": "a1", "action_flag": 2, "change_message": "[{\"changed\": {\"fields\": [\"Clicks\"]}}]"}}, {"model": "admin.logentry", "pk": 25, "fields": {"action_time": "2020-04-27T17:20:00.383Z", "user": 1, "content_type": 7, "object_id": "12", "object_repr": "a1", "action_flag": 2, "change_message": "[{\"changed\": {\"fields\": [\"Clicks\"]}}]"}}, {"model": "admin.logentry", "pk": 26, "fields": {"action_time": "2020-04-27T17:20:57.177Z", "user": 1, "content_type": 7, "object_id": "12", "object_repr": "a1", "action_flag": 2, "change_message": "[{\"changed\": {\"fields\": [\"Clicks\"]}}]"}}, {"model": "admin.logentry", "pk": 27, "fields": {"action_time": "2020-04-27T17:22:03.131Z", "user": 1, "content_type": 7, "object_id": "12", "object_repr": "a1", "action_flag": 3, "change_message": ""}}, {"model": "admin.logentry", "pk": 28, "fields": {"action_time": "2020-04-27T17:22:32.695Z", "user": 1, "content_type": 7, "object_id": "13", "object_repr": "a2", "action_flag": 1, "change_message": "[{\"added\": {}}]"}}, {"model": "admin.logentry", "pk": 29, "fields": {"action_time": "2020-04-27T17:22:48.735Z", "user": 1, "content_type": 7, "object_id": "13", "object_repr": "a2", "action_flag": 2, "change_message": "[{\"changed\": {\"fields\": [\"Clicks\"]}}]"}}, {"model": "admin.logentry", "pk": 30, "fields": {"action_time": "2020-04-27T17:23:50.595Z", "user": 1, "content_type": 7, "object_id": "13", "object_repr": "a2", "action_flag": 2, "change_message": "[{\"changed\": {\"fields\": [\"Clicks\", \"Date published\"]}}]"}}, {"model": "admin.logentry", "pk": 31, "fields": {"action_time": "2020-04-27T17:24:15.107Z", "user": 1, "content_type": 7, "object_id": "13", "object_repr": "a2", "action_flag": 3, "change_message": ""}}, {"model": "admin.logentry", "pk": 32, "fields": {"action_time": "2020-04-27T17:24:33.071Z", "user": 1, "content_type": 7, "object_id": "5", "object_repr": "testing Ad-Profile", "action_flag": 2, "change_message": "[{\"changed\": {\"fields\": [\"Clicks\"]}}]"}}, {"model": "admin.logentry", "pk": 33, "fields": {"action_time": "2020-04-27T17:25:08.182Z", "user": 1, "content_type": 7, "object_id": "5", "object_repr": "testing Ad-Profile", "action_flag": 2, "change_message": "[{\"changed\": {\"fields\": [\"Clicks\"]}}]"}}, {"model": "admin.logentry", "pk": 34, "fields": {"action_time": "2020-04-27T17:25:45.422Z", "user": 1, "content_type": 10, "object_id": "13", "object_repr": "AdvertisementLog object (13)", "action_flag": 2, "change_message": "[{\"changed\": {\"fields\": [\"Date clicked\"]}}]"}}, {"model": "admin.logentry", "pk": 35, "fields": {"action_time": "2020-05-11T13:44:00.204Z", "user": 1, "content_type": 11, "object_id": "1", "object_repr": "Shoumik", "action_flag": 1, "change_message": "[{\"added\": {}}]"}}, {"model": "admin.logentry", "pk": 36, "fields": {"action_time": "2020-05-11T14:01:03.561Z", "user": 1, "content_type": 12, "object_id": "1", "object_repr": "Website object (1)", "action_flag": 1, "change_message": "[{\"added\": {}}]"}}, {"model": "admin.logentry", "pk": 37, "fields": {"action_time": "2020-05-11T14:08:26.154Z", "user": 1, "content_type": 12, "object_id": "1", "object_repr": "https://www.geeksforgeeks.org/python-generate-random-string-of-given-length/", "action_flag": 3, "change_message": ""}}, {"model": "admin.logentry", "pk": 38, "fields": {"action_time": "2020-05-11T14:12:11.525Z", "user": 1, "content_type": 12, "object_id": "1", "object_repr": "https://www.geeksforgeeks.org/python-generate-random-string-of-given-length/", "action_flag": 1, "change_message": "[{\"added\": {}}]"}}, {"model": "admin.logentry", "pk": 39, "fields": {"action_time": "2020-05-11T14:16:06.054Z", "user": 1, "content_type": 12, "object_id": "2", "object_repr": "https://www.udemy.com/", "action_flag": 1, "change_message": "[{\"added\": {}}]"}}, {"model": "admin.logentry", "pk": 40, "fields": {"action_time": "2020-05-11T16:33:53.120Z", "user": 1, "content_type": 4, "object_id": "14", "object_repr": "u1", "action_flag": 1, "change_message": "[{\"added\": {}}]"}}, {"model": "admin.logentry", "pk": 41, "fields": {"action_time": "2020-05-12T12:21:03.255Z", "user": 1, "content_type": 11, "object_id": "2", "object_repr": "test", "action_flag": 3, "change_message": ""}}, {"model": "admin.logentry", "pk": 42, "fields": {"action_time": "2020-05-12T12:24:16.661Z", "user": 1, "content_type": 11, "object_id": "3", "object_repr": "test", "action_flag": 3, "change_message": ""}}, {"model": "admin.logentry", "pk": 43, "fields": {"action_time": "2020-05-12T13:59:07.534Z", "user": 1, "content_type": 11, "object_id": "4", "object_repr": "test", "action_flag": 3, "change_message": ""}}, {"model": "admin.logentry", "pk": 44, "fields": {"action_time": "2020-05-12T14:07:56.584Z", "user": 1, "content_type": 11, "object_id": "5", "object_repr": "test", "action_flag": 3, "change_message": ""}}, {"model": "admin.logentry", "pk": 45, "fields": {"action_time": "2020-05-12T14:08:00.914Z", "user": 1, "content_type": 11, "object_id": "1", "object_repr": "Shoumik", "action_flag": 3, "change_message": ""}}, {"model": "admin.logentry", "pk": 46, "fields": {"action_time": "2020-05-12T14:09:35.022Z", "user": 1, "content_type": 11, "object_id": "6", "object_repr": "Shoumik", "action_flag": 3, "change_message": ""}}, {"model": "admin.logentry", "pk": 47, "fields": {"action_time": "2020-05-12T14:20:44.090Z", "user": 1, "content_type": 11, "object_id": "7", "object_repr": "Shoumik", "action_flag": 3, "change_message": ""}}, {"model": "admin.logentry", "pk": 48, "fields": {"action_time": "2020-05-13T15:53:02.116Z", "user": 1, "content_type": 12, "object_id": "15", "object_repr": "https://mighty-lake-59360.herokuapp.com/", "action_flag": 3, "change_message": ""}}, {"model": "admin.logentry", "pk": 49, "fields": {"action_time": "2020-05-14T12:46:26.052Z", "user": 1, "content_type": 8, "object_id": "4", "object_repr": "test Profile", "action_flag": 2, "change_message": "[{\"changed\": {\"fields\": [\"Is adclient\"]}}]"}}]